latitude_gps,longitude_gps
6.4330553,3.4320102
7.3207003,3.885298
10.2920413,11.1393496
7.4917081,3.9857698
9.0765736,7.4579127
,
6.5570112,3.2594445
5.4257996,6.1780556
6.6279429,3.3965242
6.5824439,3.2858723
4.8834997,7.1233193
7.3326277,3.8210848
6.6832653,3.1727935
6.636865,3.3022556
6.456209,3.3526543
7.3943183,3.70037
6.5169394,3.3718018
6.5975949,3.3661119
6.4530244,3.4296003
8.8351164,7.8876376
6.5617308,3.345346
6.6592427,3.5246642
9.2174068,7.1694297
7.3979258,3.8701435
7.4239296,3.9809867
6.668355,3.35763
6.1594433,6.8004083
6.5319046,3.2205031
6.4489694,3.479829
,
6.5532982,3.259777
8.9494179,7.4401471
6.4281638,3.4085368
6.6400639,3.2934205
,
6.3906691,5.6140915
6.605609,3.3594054
6.5342122,2.957738
,
9.2099548,12.4805166
,
,
6.5103567,3.30555
7.3393735,3.9036073
,
6.6681408,3.6595105
9.0830135,8.6713276
6.4634231,3.5579715
,
7.799699,5.3269784
6.7062641,3.5159825
6.5667918,3.2643932
6.8171079,3.9074055
6.6538756,3.3229955
,
7.307713,3.8710285
,
8.9966162,7.4847391
6.5094142,3.3427681
6.8257862,3.4339027
56.464013,-2.9799497
8.9654194,7.4941013
,
4.9612435,8.3232966
,
6.6879675,3.1696445
,
7.3864283,3.9628733
,
,
6.1538848,6.785373
,
,
7.3684474,3.8485124
,
6.5295153,3.3562934
6.8170067,3.4575733
6.5054402,3.1941288
,
6.5613766,3.3704039
6.8846432,3.5754168
9.6558677,6.5298068
7.0111402,3.0422946
,
,
6.6641726,3.3296052
4.9916379,8.3422141
6.475366,3.3189105
6.5206408,3.0761816
,
6.4445183,3.4569749
,
9.0338175,7.4031311
6.6817293,3.2987679
10.5155267,7.42814
6.4670586,3.5643465
6.834497,3.9192159
6.5848311,3.3329005
7.5221913,4.5164514
5.0315413,7.9308565
8.9866,7.3739783
6.4143695,7.5247928
6.6697184,3.516056
6.5762048,3.2906601
4.787991,6.9935739
5.5321806,5.74397
,
8.4683092,4.4920481
,
6.5763859,3.2907677
6.4391929,3.4585124
,
7.4209592,3.8715045
,
4.8818767,6.975335
6.6387534,3.3399935
4.847945,7.081465
,
6.5391844,3.39221
12.0086534,8.5754049
7.1194033,3.3255983
7.1142931,3.3238605
6.5578572,3.3768426
,
,
7.2108393,5.2191494
,
4.7531198,7.0123508
,
,
6.6778432,3.1260613
,
6.4939532,3.3813132
6.733155,3.5410367
6.5212034,3.3016329
6.6105681,3.5541342
6.627701,3.3232994
6.6348512,3.3484849
5.0481816,8.3163457
6.6627479,3.2972894
8.9752501,7.4881394
10.4446483,7.4527967
6.8397571,3.4446285
,
9.08262,7.4654217
,
,
,
,
6.6736015,3.3572047
4.8309534,6.992216
6.5081435,3.3527862
,
6.541528,3.3822099
7.1453259,3.3333825
6.5525789,3.3960986
,
9.0768353,7.4450653
6.5193908,3.2663346
6.462774,3.2518396
6.6156295,3.3576273
6.5798375,3.2701279
6.6848185,3.2858723
,
9.1514167,7.34362
,
6.6100043,3.2949539
9.0236601,7.6066558
7.2298362,5.2071219
6.4966842,3.5930051
,
6.4275138,3.4823154
6.438789,3.4905746
6.6744999,3.1270017
,
,
4.8300052,7.027062
,
6.5972101,3.3473632
6.6020294,3.2975096
10.5292298,7.4026336
7.757783,4.5306913
7.3898717,3.9787919
6.4882979,3.3248839
6.5692471,3.3670765
6.6151351,3.4787141
6.6492708,3.3137109
4.8364665,7.0257568
6.5925733,3.2872317
6.5477946,3.3767344
9.005805,7.4572617
6.42786,3.4617967
6.6263662,3.3029379
12.9773078,7.6116831
6.4489034,3.3982718
6.495763,3.3271381
5.0372535,7.9117961
6.7377853,6.1429231
6.4357419,3.3603715
,
6.4301778,3.4258698
7.6360513,5.2199203
4.9024769,7.1125429
,
7.3814232,3.8682345
6.5888607,3.3625978
4.8116446,7.0441028
6.4498967,3.3989022
,
6.507412,3.3288985
6.5310263,3.3768682
6.703723,3.3535331
,
6.4816779,3.6128002
6.4515404,3.5141362
6.5422168,3.3528548
7.430623,3.9234333
,
7.4250565,4.0079063
8.4867694,4.5816276
,
6.5544168,3.3446901
6.4972031,3.3496532
9.1070126,7.421629
,
6.7510385,3.4168724
7.4893858,4.5284322
11.9796196,8.5394608
9.1122137,7.4102541
,
6.5737625,3.3922637
7.2125532,5.2131294
6.6288104,3.3702298
11.0985096,7.7275822
6.6630858,3.296138
4.9358492,6.2745432
,
6.5161968,3.3394033
7.4352078,4.5635709
,
,
,
,
8.1547883,4.7085967
4.898885,7.0088917
8.9442269,7.4208995
,
6.6247868,3.3695493
7.1090767,4.84996
12.9694333,7.635235
,
9.0298283,7.4390367
4.917465,6.2782537
6.5914979,3.2601517
6.4471929,7.4859826
8.1254661,5.0900434
,
,
8.9922228,7.3714081
6.5025448,3.3789046
6.1490754,6.8059757
6.4958469,3.3591107
7.1478018,3.328249
4.8042933,7.0345541
9.0437886,7.3924883
6.5057367,3.3547928
6.6290094,3.3831598
6.5244783,3.3880267
6.6094302,3.3724461
7.3447282,3.8735138
,
6.4343754,3.4828186
9.1729561,7.3285343
7.1455067,3.363275
4.8284355,7.0572978
6.5320555,3.4011087
10.4332387,7.5184632
7.2337921,5.2130444
6.5076242,3.3687831
7.4449291,3.9016131
,
12.0201587,8.5400021
6.679045,3.3556068
,
10.4378213,7.4100712
7.1355911,3.2904606
,
,
,
6.5257731,3.3447162
,
6.6530791,3.3397609
6.6524389,3.2979806
6.6025624,3.3677065
7.8167772,4.5846874
6.5494327,3.3776402
6.7474166,3.2619772
6.7710281,3.9666551
,
,
5.9319564,5.6554867
6.6468445,3.3671743
,
6.606437,3.3233638
7.2669269,5.2015712
6.7387095,3.4194295
7.7271169,8.5349133
,
5.5684,5.8384067
6.8265559,3.4667184
,
6.5083978,3.3920415
6.5455431,3.3255134
11.2571687,14.1305626
,
7.2668376,5.2529372
11.9322772,8.5605562
6.530161,3.3913437
9.8824985,8.8464408
8.4692431,4.5000978
6.6229127,3.4976144
4.9354937,8.3305756
6.5184152,3.354724
,
,
6.451964,3.3918442
6.5247326,3.3678461
,
10.5001621,7.4327056
6.6017004,3.3808276
8.4117766,4.6119802
6.6834544,3.2902753
6.8204492,3.917573
,
4.9890161,8.3332804
7.4366732,3.9114533
7.7805084,3.9233057
6.6235908,3.3611097
6.6701801,3.3292904
7.7837704,4.5661847
6.6139087,3.4025775
,
6.686271,3.3182749
,
7.4220429,3.9040904
10.446635,7.4826001
6.622821,3.3833472
6.6103735,3.2858263
,
6.5025745,3.3296052
6.481405,3.3033117
,
6.5116812,3.3771647
10.4847245,7.430362
6.4636791,3.3255134
5.7144113,6.4239287
6.5675276,3.3919558
9.0274759,7.469311
7.3994877,3.8844632
7.4266477,3.8770953
6.4071383,5.628345
9.1424705,7.3238097
9.087736,7.5160943
6.6348152,3.3645545
9.0277413,7.5851805
,
6.418329,2.9913855
6.729057,3.4080441
7.3964165,3.9456262
6.435565,7.5005417
6.646284,3.3607768
,
6.6926761,3.3582571
6.6076605,3.2519197
6.5711267,3.3759467
,
7.4148631,3.8612355
6.4324727,3.4436583
6.5682135,3.5656116
7.45945,3.9622183
,
6.5211407,3.2924702
6.4590075,3.3314296
,
,
11.9926333,8.559375
,
7.8378889,5.0376865
6.4425101,3.4169318
6.4420573,3.418587
,
6.6632035,3.5185102
9.0684754,7.4808491
7.1680725,5.5848005
8.9866701,7.3586797
,
6.4945495,3.1257478
4.8005818,7.0426503
,
,
6.5415485,3.3720348
5.5935137,7.1048555
5.5649883,5.7550617
6.6791029,3.137974
7.4133599,3.8005112
6.4596443,3.4329564
,
,
6.5978906,3.3546256
7.7122482,8.5774688
7.1328251,3.329671
,
7.3601827,3.8677027
7.2626867,5.2143903
7.3144128,3.8527746
,
6.506735,3.3547928
9.0644283,7.469935
,
4.9696443,8.3475513
6.66905,3.3524577
6.6664043,3.2871067
6.6174485,3.3582277
6.5343977,3.2472059
7.1524047,3.3088565
6.6308698,3.3511981
9.9575748,8.8621398
6.5184153,3.3619079
9.0935249,7.498351
6.5574427,3.2368372
,
12.9641206,7.6320502
7.1381618,3.3502377
7.8053065,4.534955
6.6157686,3.4988704
6.6570189,3.3516668
7.7981312,4.5602035
6.2222471,6.6851048
,
,
6.6155848,3.3627356
,
7.0627433,4.8338633
4.8726409,6.9918949
,
4.841691,7.0580788
4.8052131,7.0389223
,
,
6.5421259,3.3482936
6.5923106,3.3056888
,
5.5569582,5.800065
6.5919267,3.2876945
9.0579825,7.4498179
6.596244,3.3882952
9.0067811,7.6496759
6.4290849,3.5504369
,
,
6.4234107,2.8918544
,
4.8842043,6.9949171
,
,
5.5502412,5.8342299
,
7.4001318,3.8079132
6.6176325,3.4753546
6.507018,3.3514638
6.4432156,3.4586515
7.7239588,8.536913
,
,
6.6813469,3.1758383
,
7.120685,3.381785
8.9956532,7.3585044
10.4688264,7.413633
,
,
8.9763774,7.5617945
6.6510071,3.3534826
5.0117017,7.9406683
8.8554952,7.9074528
4.8522233,6.9804583
6.4368689,3.5071366
6.2415877,6.6898721
7.4046372,3.9510228
8.9924654,7.3592521
,
6.5958022,3.2814697
6.6614073,3.2846961
,
4.8623596,6.9800003
,
6.6755083,3.3607367
6.2703713,5.629202
,
,
7.3372191,3.8556429
7.1170107,3.3349416
7.3473618,3.871098
7.1874492,3.3560565
6.4287105,3.5150748
8.5524512,4.5545448
9.0590862,7.4683637
,
8.7182104,5.7529013
6.5519213,3.3288576
10.3173965,9.8062114
6.4397212,3.4787141
5.4964304,5.7971047
6.6798913,3.3078002
6.4473775,3.3711733
,
6.6683917,3.3064117
9.643943,6.5226089
6.62935,3.3901783
6.5766607,3.3636987
6.4534188,3.4455849
9.0468853,7.5336459
9.0468853,7.5336459
6.633217,3.3487614
7.3741253,3.8545554
5.0200622,7.9308911
7.177822,3.3976564
6.3245244,8.113206
29.4255413,-98.4953943
8.9167266,7.5650486
6.6663538,3.5227013
7.4446011,5.7616084
4.7325129,7.0765683
6.1125823,6.7654346
8.9181002,7.129383
,
7.4251199,3.9906063
,
,
4.8274278,7.0681633
6.4898933,3.3768003
10.5241379,7.4319846
6.4568867,3.3472352
,
,
6.4304949,3.4250419
6.5354983,3.3729167
,
54.5930709,-3.5600504
6.6925533,3.3435
,
6.4303774,3.4581081
6.464175,3.4272868
6.2766138,5.5920589
,
6.6561527,3.2989295
,
6.4322547,3.3420954
,
,
,
6.6424853,3.3628497
8.4689955,4.5256511
6.4972875,3.2929328
7.2477267,5.203305
6.3106117,5.6153833
6.432887,3.5061889
8.1560615,4.710238
6.5328119,3.36992
6.508595,3.3288
8.9250223,7.5604399
,
,
,
8.9826828,7.5814258
6.6164624,3.3716345
9.0635319,7.4417198
,
5.4843285,6.0077345
8.8903127,7.5918435
9.1344039,7.3660052
,
6.508765,3.3497543
7.3261644,3.8754742
,
6.4938396,3.3243648
9.0089998,7.3678434
12.0155955,8.5619725
,
6.6341039,3.3371601
7.3880557,3.8785952
6.6499933,3.3372953
6.6465445,3.2457042
,
6.620715,3.9813056
9.8838537,4.5100005
6.4271847,3.4286341
7.7643589,4.5347186
,
6.5969222,3.3639265
6.0378505,6.9324867
4.8054935,7.0025486
5.5905122,5.8247251
8.9973983,7.4473983
,
7.4837879,4.5603543
7.4711703,5.226981
,
6.697984,3.8647349
,
6.6985546,3.227413
,
6.5085536,3.3738595
6.5119583,3.32143
6.59378,3.3401411
6.6524991,3.2860259
6.676594,3.5118753
7.7407505,4.5822726
7.1541192,3.374589
,
,
,
7.4395924,3.9102958
6.5414733,3.3708865
,
7.5189141,4.513617
6.5031006,3.3784965
6.6277907,3.322697
7.7962433,4.5558341
9.053175,7.463155
,
6.5070014,3.3141841
,
7.5522745,6.2344421
,
8.9722934,7.4930864
,
6.6404866,3.2798974
9.652549,6.5118088
7.1274982,3.3359009
8.4774533,4.52556
,
,
6.6304903,3.5232499
6.4345256,3.4555179
6.5017109,3.37701
9.8835268,8.8729804
,
,
8.8458232,7.914859
6.4551169,3.4294278
5.744543,7.0832931
8.472017,4.6281488
,
6.5548277,3.4845443
7.3994886,3.9429355
7.3632383,3.8261355
6.6374962,3.3556253
,
6.6511226,3.3027339
,
,
6.5831683,3.3957083
,
6.4284883,3.4132916
9.1063045,7.4852216
,
6.6357817,3.3744114
,
6.5331441,3.3616175
9.0683584,7.3951637
6.3376363,5.6301086
8.9998157,7.3582507
,
6.5892969,3.5837272
6.4896021,3.3555608
7.1278633,3.2859833
6.5242055,3.3803085
,
6.8608374,7.4123168
6.4455196,3.5432242
7.6454715,4.7253357
6.5884353,3.3360495
5.8849499,5.7074437
7.1022301,3.2990824
6.6085236,3.373377
9.0371033,7.4215817
4.8311956,6.9838364
6.6644824,3.6019685
7.4121664,3.9765229
6.4721045,3.7899833
4.8133755,7.0271623
6.6256812,3.3933228
6.6719915,3.3078912
6.6168343,3.361269
7.2520945,5.1843213
10.4560748,7.4518268
8.4818785,4.5533716
10.5545265,7.4660655
9.0681703,7.4829383
6.71411,3.3673347
4.8043787,6.9949171
,
6.6146493,3.3359223
6.4437076,3.2770675
,
6.6012417,3.5876067
11.0762045,7.7075583
,
6.4252771,3.418513
,
6.5626102,3.2619772
6.545471,3.2340097
,
9.03728,7.5719133
,
6.6523416,3.4924266
6.5875133,3.3620081
,
6.4998413,3.094886
6.6062156,3.494862
,
7.384173,3.8294268
6.5877336,3.3569897
,
4.7569435,7.0120454
7.3621397,3.892071
6.5954012,3.3421974
,
,
29.862125,-95.6936983
,
8.9772529,7.3656675
9.51107,8.170395
,
,
6.5953831,3.3402395
6.5770733,3.3422783
6.6348355,3.3262112
8.5142394,4.5597517
9.0671379,7.4325582
6.6344689,3.3324381
6.5901441,3.2353934
8.487176,4.6184512
,
7.1172055,3.3350952
6.5326003,3.3746529
5.4999437,7.0463604
7.7448213,4.5178112
,
6.6099142,3.2641776
4.8284243,7.0029769
6.6969433,3.5391317
6.3072516,5.6056821
6.6682167,3.3359283
7.3046694,5.1426208
,
6.5037276,3.3552557
10.4413537,7.40521
6.4489888,2.9569726
9.0004485,7.4494827
6.7629986,3.4255628
6.7218437,3.3888166
6.6421555,3.3322974
,
,
,
6.681925,3.3018467
6.6053181,3.3295494
6.4541655,3.388147
7.4201912,3.9316231
6.6483286,3.3547229
6.122153,7.036194
7.4038823,3.9450385
6.6631324,3.2855277
6.6451342,3.3227577
,
8.8847742,7.2243323
4.8410375,6.996932
5.0262751,8.3355696
6.5034967,3.33486
,
7.3597592,4.1566735
6.8391665,3.4335873
7.4309543,3.8335668
6.6053783,3.2130683
4.8608533,6.9678936
,
5.569845,5.8329
6.4494246,3.4555441
7.3291277,3.8762391
6.6217712,3.3567907
6.7081212,3.2953077
6.4247056,3.5224291
5.12615,7.387535
5.1512848,7.3692661
6.5445045,3.2444416
,
6.5025684,3.3040135
6.4512933,3.3888166
6.6316306,3.503346
4.9602983,8.3271529
9.5464341,11.9474106
,
6.5258861,3.3581026
6.5385394,3.3712608
6.6063629,3.3164923
9.0528535,7.4769949
,
6.494146,3.5842222
7.1418952,3.3895509
5.29944,-3.9771507
5.5291664,5.7584382
,
6.5507949,3.2789685
5.5631737,5.7460998
6.5670819,3.53783
9.1922974,7.1869398
7.7397348,4.5822726
9.0697017,7.4687583
,
6.5756123,3.3617217
6.556063,3.3960655
7.1632851,3.3598319
6.4520064,3.2267848
,
6.6626671,3.3073366
6.5540776,3.3941744
6.610393,3.3431419
6.445811,3.5118753
8.4660953,4.6066399
6.6848807,3.1740436
6.4982363,3.3314938
7.1217535,3.3380757
,
6.4325479,3.4313452
10.5244411,7.4190193
6.6001195,3.3421286
6.646694,3.3494394
6.4291903,3.259777
,
,
4.4322372,7.161013
,
4.8049884,7.0358433
7.3481839,3.8797852
9.0722611,7.4534318
6.619215,3.3004217
6.6100133,3.3058805
,
9.1255927,7.5113568
6.4449181,3.5153278
9.0549761,7.4853695
6.71504,3.2258263
,
,
7.4039218,7.6366627
6.6088749,3.6117229
10.5172644,7.4489327
7.1848124,3.4370313
7.3842693,3.8338577
6.5838011,3.366888
7.44045,3.9066
6.665704,3.256355
8.4723117,4.61952
7.1104346,4.8544943
4.8475044,7.0315505
6.685274,3.3670765
6.6659628,3.3113522
6.4435749,3.3491245
6.6181798,3.3581451
6.5494628,3.2666161
,
6.5281642,3.3856653
6.4627693,3.5551068
9.0544606,7.4822618
7.8085658,6.6928014
,
,
,
6.6182183,3.2579237
,
7.1983139,8.1213966
,
7.608215,5.2810367
,
,
7.3472463,3.9570657
6.6539918,3.3106822
7.1133162,3.3247985
6.5187057,3.3211912
,
6.7124403,3.1507443
12.4295094,4.1966622
12.4295094,4.1966622
7.3686207,3.8675982
,
6.6044041,3.4881865
7.3606739,3.8695569
4.8756624,7.0137495
,
4.8473896,7.0362342
6.532535,3.3100367
6.623713,3.3468908
6.6413993,3.3925985
7.1707476,3.3966958
6.4663605,3.663116
6.46178,3.6961814
6.6679387,3.3596272
,
6.4411578,3.4179771
,
6.437171,3.5115594
7.1273041,3.3160721
,
6.5907781,3.3991464
6.463117,3.5573894
,
9.0410868,7.3974155
7.4041474,3.9326406
6.6478201,3.3590799
,
6.2204357,6.6995938
,
7.9434651,3.6304822
6.6397855,3.3352713
6.507113,3.5794774
6.5485808,3.2682643
6.2735102,5.6265032
6.6810583,3.3551617
9.8574068,8.9064488
6.6093748,3.2956223
6.4678869,3.2928875
25.1994057,55.2779067
6.788085,3.451525
7.6314657,5.2124771
7.3976417,3.8123833
6.4638023,3.1483217
5.0281742,7.961045
,
,
6.6248323,3.3771577
6.5841631,3.3331366
,
7.1386478,3.3770088
6.5985672,3.3436996
6.6752449,3.2701505
6.5052941,3.3738527
6.0936423,6.889223
,
6.6975815,3.2307054
6.5881982,3.3839717
,
6.6705643,3.3217367
6.7431139,6.106382
6.6322851,3.3012114
,
,
5.518768,7.5007033
6.5383125,3.259777
,
6.2291379,7.0882491
6.6288365,3.3379051
6.5773593,3.3331999
8.4889655,4.6013742
,
,
6.4901309,3.3390598
,
7.3921217,3.8662067
6.4750742,3.606743
6.5525311,3.2236438
6.4660258,3.6634329
7.25231,5.2013799
8.1467367,4.7142583
4.8039405,7.0375782
6.6812441,3.321422
6.4718302,3.2475201
7.424237,3.9080199
6.5670766,3.2409216
6.5783462,3.4073319
7.3597055,3.9242613
6.5694416,3.3350749
10.3293467,9.8137117
,
,
6.5762069,3.3724319
6.6616686,3.2893872
,
7.4348994,4.0051237
,
6.4646954,3.2003973
6.5520052,3.3549433
6.6850323,3.1744966
6.6036358,3.3756652
,
,
9.0659942,7.4453912
,
6.4766087,3.3825141
6.6062324,3.3596781
6.5886546,3.3544779
6.3485193,5.6446639
6.5902533,3.3645565
,
9.2286167,7.3909433
,
7.3269898,3.8918491
,
7.0780884,4.8376434
8.4920407,4.5978342
6.5023528,3.3632966
6.631584,3.5099798
6.4327081,3.4687988
6.5636083,3.3380867
6.601713,3.387973
6.459956,3.3577651
4.923086,6.2931871
,
,
,
6.5310083,3.3675574
9.03107,7.5858414
9.0550469,7.4986897
6.4595756,3.3300698
6.7129567,3.4226633
5.1660883,6.2038683
9.0256327,7.4867543
,
4.87395,6.9997483
6.6220801,3.4866076
,
7.3968743,3.7999056
6.6179734,3.4845417
6.6706024,3.3345853
,
6.4443617,3.4009933
9.003295,7.3557845
6.596175,3.3360367
,
,
11.8218193,13.1246372
4.8055781,7.0490362
6.4411578,3.4179771
8.4876045,4.5110416
8.4928513,4.5880779
6.6650349,3.5398948
,
6.4364551,3.415634
7.6308228,4.7686731
,
6.8640474,7.4094827
10.4986991,7.4305821
,
8.989981,7.5668741
6.4437583,3.4062008
,
7.431383,3.9392333
9.1431239,7.3787104
7.1380483,3.3639265
6.7718149,3.210454
4.8310441,7.056823
6.4361152,3.4454016
6.245407,6.204584
6.648406,3.3428271
6.4625316,3.311516
6.809462,3.4363679
6.5849905,3.2401178
5.5161928,7.266803
6.6583682,8.8020085
,
,
6.4973131,3.3670083
6.4973131,3.3670083
25.2566582,55.2964349
,
5.0285225,7.9669489
6.6325165,3.3251987
10.5427875,7.4450653
6.5179845,3.372619
,
5.0289709,7.9036289
,
6.4543017,3.39077
6.6717025,3.2506626
6.5335334,3.2990927
,
,
8.487656,4.5918439
7.366232,5.105995
,
6.6113564,3.3549839
7.1403108,3.3304402
12.0318783,8.5377044
6.6420783,3.2047683
,
9.0505042,7.5077681
5.0117299,8.3316025
5.9092631,5.6534226
6.4316262,3.5057627
,
,
7.208444,5.1971885
6.4270613,3.4411905
6.6331944,3.2059653
4.7993339,7.0010413
,
,
,
8.9381767,7.3244783
6.6649115,3.3189043
,
,
6.4695305,3.5912357
,
5.0534162,7.9237562
7.4246501,3.979043
7.2558978,5.1789785
6.4274339,3.4696437
6.5532616,3.2923955
,
9.0516341,7.4970754
6.5257544,3.3475501
6.5777816,3.3859804
7.7542081,4.525736
9.1540788,7.3528051
,
6.4908529,3.5858567
4.932516,6.2858981
6.6352539,3.3684582
6.78619,3.9649517
6.5546844,3.3532182
,
,
9.0850067,7.31255
6.4469348,3.4146751
9.0628923,7.3956748
6.6304023,3.3421974
6.4948986,3.3330677
6.621898,3.3534249
6.6341039,3.3371601
9.067975,7.4657167
6.6001183,3.4915983
6.5771961,3.2666303
9.5963901,6.5718326
,
9.0757238,7.4733714
6.2324227,6.6983762
6.6477809,3.3760444
7.4051403,3.9598646
9.9094557,8.9607738
6.5205376,3.3420622
6.4369765,4.0476314
6.6826462,3.2814111
7.1353646,3.3215847
,
5.0253457,7.8941537
6.4749497,3.2798974
6.445712,3.4282253
8.447444,4.510403
,
6.6259536,3.2665549
9.1359768,7.3797224
7.7558688,8.5558787
7.1080983,3.3352067
,
,
,
6.4523837,3.5138697
7.8023329,6.7436543
6.6526631,3.320813
6.4901333,3.391155
6.5127049,3.3136964
10.4442426,7.4593825
7.4020525,3.9286039
6.436961,3.4515467
6.341564,5.650632
6.5063419,3.3639265
5.0061726,6.3856111
6.1781916,6.9533458
6.8680254,3.6072982
5.5475838,5.752097
7.3605793,3.8704173
,
7.1268308,3.3352713
6.6294756,3.2808408
9.082846,7.4904964
8.1396633,4.7175318
6.219925,6.68484
8.5216567,4.6122767
,
6.459944,3.3505856
,
6.5011327,3.083137
,
6.6378367,3.4993533
7.2338908,5.2304265
8.9920483,7.4284433
,
,
7.1132181,4.8549934
6.5551562,3.3759409
8.4715501,4.5961418
9.0695957,5.996465
9.8389917,8.8579
,
,
4.9254248,6.2953913
6.4526034,3.5542267
9.1634635,7.3221224
,
6.437699,3.5239511
6.74349,6.1437533
,
8.8816057,7.2287519
,
7.133975,3.3298149
,
,
8.1156957,4.2260932
,
6.5898901,3.2770964
,
7.6237409,4.1532063
6.4437749,3.422685
6.6135403,3.2856324
,
6.4738709,3.2924769
6.5076565,3.3617119
7.4985616,3.9068869
6.448118,3.3661315
6.4491564,3.410251
7.1299539,3.321422
6.4935849,3.3809387
6.9180192,3.21171
,
9.0259233,7.4349243
6.8144057,3.4354799
6.498891667,3.32765
,
,
6.6463647,3.3488096
6.6054112,3.3498134
7.1361493,3.3080397
6.5817606,3.2527086
6.4913326,3.5921009
6.4563602,3.5273884
,
6.7030917,3.3481798
5.5870138,5.7113318
9.0649421,7.3915108
7.4379649,3.9086961
4.4177358,7.1732091
6.4393645,3.4913882
6.5524916,3.3398543
25.3519975,56.3426381
7.0165899,3.0368301
6.538267,3.2148502
6.6060301,3.3592282
6.5129674,3.3179602
6.1923099,6.7432104
6.6497262,3.5182035
6.6691838,3.3068742
6.3400136,5.6326202
7.114615,4.827275
9.1435277,7.3734343
6.4615473,3.3048549
8.4724116,4.5219988
,
9.0498024,7.5224273
4.8775619,6.970669
6.4303154,3.4580687
9.1144497,7.2651172
6.6177577,3.3497045
9.0146773,7.4525519
,
6.518837,3.3416398
,
7.130435,3.3335369
,
7.2534991,5.2150865
6.5169079,3.3261429
7.3712861,3.8608847
5.8971187,5.6738989
4.9476346,6.3331693
7.3911236,3.9542096
10.4823786,7.4405391
8.4654047,4.5171601
6.3676265,5.6315017
7.401491667,3.900075
6.820936667,3.45199
9.1281608,7.400596
6.6730132,3.3544779
6.4746465,3.3267724
6.5338429,3.3737943
6.6317567,3.317033
6.5611885,3.3628632
7.4135671,3.9325431
9.2444268,7.386339
6.6000522,3.3444014
7.2703948,5.4363441
,
9.042188,7.5989326
,
6.6081703,3.2855669
,
6.7186856,3.2943914
,
,
,
6.2385599,6.7042028
9.0584171,7.4666546
,
6.4462193,3.4051083
9.0667255,7.4528411
,
,
8.9651347,7.3545254
10.4684494,7.4730606
8.9166446,7.5650036
9.0299974,7.4723423
5.0369405,8.3499849
6.5974092,3.340938
6.657842271,3.323272572
,
6.6889443,3.3502153
,
8.0916245,5.1612904
7.3828962,3.7982338
9.929415,8.84115
7.1335746,3.3270417
,
5.1663469,6.9160394
7.636659,5.2029258
10.5212622,7.4313268
6.5494467,3.3526536
,
6.4883057,3.2961535
,
6.421722,7.5330168
4.9582331,7.004992
6.5982631,3.2948146
6.6159755,3.5488523
5.6860067,8.06618
6.536685,3.299485
,
7.44498,3.907838
6.5971746,3.3926013
7.7286314,8.5218126
,
,
4.8426899,7.0481835
6.4413816,3.371536
8.6696207,3.3963806
,
6.7128663,3.3478824
,
,
5.0432429,7.9197522
11.1358419,7.6821125
6.5872192,3.3795451
7.4220671,3.9086769
,
,
,
,
,
6.6835537,3.2402849
6.5394736,3.3203711
,
10.5631168,7.4705352
,
33.5771214,-84.3786616
6.6055933,3.2685283
6.1673517,6.6276272
,
8.459555,4.5642283
6.4383131,3.3703584
,
6.5508067,3.3853502
,
6.4537352,3.3626771
,
6.6891717,3.35697
9.1129897,7.4058617
,
6.2129067,6.7006085
6.6031885,3.3784146
6.6419132,3.3472196
,
,
6.5864208,3.3983904
9.0065501,7.4602796
6.4662308,3.3281894
7.4332417,3.8335683
8.885381,7.2104513
6.5507422,3.3820655
6.5932182,3.3424486
8.9986317,7.4855975
6.4514111,3.2901027
,
8.9569917,7.344564
,
7.1470809,3.3229955
,
6.4540872,3.3843532
6.7320489,3.2254854
8.9803803,7.4567704
6.5204898,3.3820708
,
6.5927925,3.283042
6.4748539,3.6134945
6.502966,3.376451
7.3399732,3.8780466
,
6.6012443,3.3157667
,
9.0711047,7.423095
6.503515,3.3384194
,
10.2676783,9.7811167
4.8160167,7.0141933
6.1901477,6.7214334
6.5328149,3.379854
,
6.4394188,3.4373681
,
6.505618,3.3113851
6.5896961,3.33414
,
,
,
6.6532368,3.3392053
6.5413382,3.3066327
11.9885419,8.489229
,
9.0289273,7.5966869
7.6530143,5.2464095
6.5427586,3.24155
,
,
6.5311681,3.2833565
8.4801158,4.5622896
6.5007525,3.5952734
,
,
6.4633888,3.774967
,
,
,
,
6.6657111,3.3460821
,
8.4253538,4.5996904
6.8694483,3.6091283
,
4.867722,7.1087516
6.6456978,2.749517
6.6498717,3.5172463
6.6532733,3.3629816
,
4.7591623,7.0150685
6.4420013,3.4784832
12.4320167,4.102615
4.9327642,6.319015
,
6.4245449,5.601413
,
6.6784427,3.3567631
,
6.7447671,3.2585197
6.5910627,3.2791344
6.6930995,3.3450311
,
7.4481819,3.9848132
6.5977661,3.499863
8.9311329,7.0731816
7.1264632,3.3396787
6.293171,5.5999701
12.0047996,8.5616592
6.5095692,3.3286609
9.0676873,7.4645245
6.5708974,3.3968287
6.4310422,3.434849
6.5334087,3.297195
,
8.4485408,4.571379
4.8740955,7.101534
6.6828144,3.4896385
6.4351,3.416
,
6.4367383,3.4774513
6.619437,3.3791383
6.7925278,3.5701532
7.6932655,8.5527984
9.9265202,8.8867462
5.518951,7.4907184
,
4.8136577,7.0621124
6.6297912,3.3029506
,
6.6458291,3.2789541
6.2252666,7.0736933
6.4980594,3.6016789
,
9.1091071,7.3862093
,
6.4964831,3.3399435
,
,
6.504678,3.3639265
7.2668425,5.1694453
6.4230551,3.4198279
8.9616276,7.0590872
6.555519,3.3756438
6.3294467,8.0821567
6.6098228,3.3810353
5.0061564,6.3872744
6.637077,3.3468977
6.4276896,3.4189516
6.6021278,3.3828068
,
,
,
6.8518033,3.634815
,
4.9760572,8.3274952
6.4993351,3.3777583
6.4617908,3.42667
,
5.5636765,5.7630647
6.4518817,3.271705
,
,
7.4166268,3.9114958
6.6017501,3.3396787
5.963607,7.1394712
,
12.0353735,8.5349037
6.44405,3.4266582
8.477908,4.5621045
4.9138226,6.298133
,
6.4416847,3.3330677
9.0505258,7.5902453
,
,
,
7.1355112,3.337085
,
,
,
8.4410195,4.5949084
6.4345423,3.4395414
4.8257371,6.9660553
9.9400241,8.7766018
7.3677143,3.8651531
6.6444823,3.4774513
6.6157003,3.3548421
9.0076987,7.5785586
6.5973027,3.5030301
6.5461386,3.2924948
,
6.7213355,3.2268339
6.174905,6.7835267
6.622585,3.3076817
6.5377397,3.3610224
9.0777383,7.4659083
6.7427027,6.1268091
6.6227822,3.2846143
7.25577,5.1742128
6.8175035,3.4598648
6.6855486,3.3264576
5.8430667,6.152055
6.6129002,3.2873318
6.5418514,3.2789541
,
,
6.4452227,7.5076346
6.6647758,3.2984822
,
,
6.5621033,3.3910883
,
,
,
6.5493604,3.2506626
8.9856285,7.3582392
6.5794988,3.3245374
7.3558679,3.8738377
,
7.2906083,5.1508683
5.0382689,7.9646315
8.4642564,4.5764679
,
6.4302879,3.4698552
,
8.4839691,4.5577682
7.4216237,4.0109641
6.6692642,3.5228562
6.5743959,3.2424926
8.1152783,5.1298056
7.1319499,3.3542694
7.4117366,3.8457283
7.4117366,3.8457283
6.5426983,3.3192287
6.594329,3.2540276
6.5933462,3.3579868
6.5519326,3.3920406
7.6479717,4.75875
,
4.8426899,7.0481835
7.3505941,3.8870094
4.8360943,7.0701804
6.3280282,5.6169348
9.0394911,7.4849946
8.1223931,4.2286898
,
13.0011576,5.2001921
,
,
7.6446713,5.2098677
,
5.5709404,5.7215909
,
6.5721801,3.3662498
12.0198893,8.5635927
6.5055173,3.3878712
8.4697274,4.5174891
6.5746377,3.2566339
9.0221761,7.6075644
6.4297418,3.5227937
8.4573412,4.5751297
,
9.0231252,7.6383673
4.9390003,8.3329716
,
,
,
4.9012676,7.0079132
9.1805,7.1793
6.5328702,3.3650712
7.489635,4.54568
6.4383313,3.4383189
4.8059108,6.9754933
6.4426579,3.4297727
9.0388906,7.4950208
7.3203724,3.8364284
6.4725285,3.7297046
6.56393,3.3369443
,
6.4328905,3.4364756
,
,
7.8343909,4.6013034
6.6860324,3.2627683
9.1054683,7.42506
8.9528893,7.0662852
6.4624779,3.4303444
6.685084,3.3275428
6.546796,3.3875561
6.5583985,3.2949932
6.4575534,3.190676
7.4036395,3.8231555
5.4958822,5.9952374
,
8.4421829,4.5896892
,
7.3588086,3.9880021
,
7.2542376,5.2415475
,
6.4613016,3.17624
,
,
6.4251175,3.415286
7.3473001,3.8785923
6.6772667,3.3253233
9.0143597,7.5648422
6.6130334,3.2968805
9.0213933,7.5919033
7.2744975,5.1735934
5.7946838,7.0408905
,
4.8786053,6.9133667
6.6275686,3.2986461
7.26442,5.16942
6.5355345,3.3636186
,
,
9.0102911,7.469685
6.470239,3.2751027
6.2236734,6.6616403
6.5927124,3.3936944
6.6575785,3.3284652
6.3177402,6.8920092
9.0718133,7.43413
5.1657668,5.9251954
6.6151058,3.3596056
6.5763448,3.401424
9.0093653,7.5743249
6.4351,3.416
9.1792081,7.1794542
6.5380617,3.3731967
9.0401384,7.3592521
6.6135687,3.3454041
,
,
6.4244268,3.4192078
6.4349228,7.3980912
9.8119354,8.8633286
,
6.1958371,6.692518
6.6335178,3.3522491
,
6.8183735,3.6178069
,
6.608313,3.3551078
6.5008999,4.7712486
6.5106239,3.331139
6.2030015,6.695749
6.4878829,3.3374749
4.8618601,7.0325303
4.8313192,6.9648788
6.5334629,3.0851214
6.4503943,3.2889546
,
,
6.5941198,3.2896271
6.6154112,3.3560572
9.2645416,12.4558675
,
9.1424255,7.3594019
,
,
6.645147,3.3809387
7.2561781,5.1567282
,
10.4829935,7.4345863
6.6211255,3.283042
6.5305477,3.3274019
6.44433,7.490835
,
6.4761952,3.7284355
6.6949441,3.2179906
6.5003767,3.3103867
6.4369196,3.5089431
9.1329346,7.4883504
5.3748633,6.1071917
,
6.5814628,3.283042
6.3084741,5.618144
6.4452683,3.4633649
4.8008446,7.0358555
6.6408472,3.3477738
5.1339327,7.3258345
6.8009133,4.0359867
,
,
8.4815354,4.5621208
6.6095499,3.4928768
6.5185742,3.3258281
6.5931655,3.3385867
7.3442968,3.8749163
6.446865,3.3331967
,
9.0682484,7.5121076
6.5694544,3.319583
6.4438224,3.4234059
,
6.4420915,2.9399156
9.147474,7.3312342
,
6.6324113,3.340938
,
6.4621467,3.5378331
7.4037644,3.8263967
10.4649727,7.4085625
6.6223267,3.357603
5.0010367,7.9538467
6.5175992,3.3634298
6.4398591,3.5127603
8.9800312,7.3746902
9.0451793,7.5167711
,
7.8068316,4.5241776
,
9.1152283,7.4139709
6.231788,6.7011269
6.4446654,3.4821901
,
6.5431565,3.3840897
,
4.8064483,6.98557
,
8.463997,4.5869151
7.3632415,3.8176559
6.6473825,3.2962514
10.4869633,7.4284583
6.5882466,3.3343014
6.5704634,3.3844048
-33.8688183,151.20929
,
7.2357528,5.1896523
,
7.308337,6.0972145
6.6663855,3.2901962
6.4844596,3.3552084
7.8066688,4.5795329
8.1475995,4.2283694
,
7.3377416,3.8536012
6.1505233,6.790729
6.792889,3.5702372
9.1138402,7.4315443
,
9.0780433,7.4599944
6.4668171,3.2919558
4.8382233,6.985655
9.1561216,7.3622909
6.4060049,5.6243977
6.4426104,3.4802059
7.3967669,3.912032
6.6273946,3.3244867
6.5192616,3.3568659
8.4854621,4.5868134
,
7.3906505,3.952842
9.0302918,7.4605333
,
6.4323097,3.4871823
6.6059279,3.3609174
7.427718,3.8413521
4.7894939,7.0352261
9.6033069,6.555882
,
,
6.5194252,3.3535378
9.0168012,7.5628104
6.6323105,3.4824465
5.5415813,7.0160357
,
6.3282174,5.6186329
6.3937633,5.6026117
7.1772516,3.2877592
9.0672135,7.4652497
,
8.4667253,4.570019
9.1754567,7.3799364
4.9403185,6.3584366
7.2982322,5.2405351
6.494124,3.3816093
6.4892898,3.3258281
,
,
9.0675955,7.485359
6.622612,3.3104082
13.7461285,100.6192494
,
39.3221433,-77.4416911
6.5255664,3.3758974
6.4731203,3.3108071
4.8578603,6.9611633
8.1407438,4.2325344
,
,
6.6169883,3.3028418
6.4244417,3.412765
,
,
6.5099067,3.3610967
7.441508,3.9082473
8.963685,7.3578783
4.794207,6.9831649
5.5048745,5.7996251
6.510745,3.0805183
6.7471937,4.8757767
7.3992191,3.8373823
6.4631055,3.5545732
6.5000504,3.5875914
6.1392871,7.0738786
4.9747823,6.1123276
5.023743333,7.917136667
,
8.1531305,4.7172445
7.8058752,6.7328413
,
8.9776917,7.504385
6.5511483,3.3317517
6.4636935,3.3233103
,
11.8532282,13.1637493
5.507792,5.9718722
6.5103095,3.3617247
4.7179447,7.1544779
5.3926528,-4.0021548
6.3411578,5.6258834
6.5453099,3.3607768
7.3511715,3.8590087
6.608982,3.3344942
6.4652291,3.4229723
,
,
7.3319262,3.8680342
6.456003,3.4444807
8.4836757,4.5829176
6.2119155,6.708508
,
,
6.6756487,3.3670649
5.0326067,7.9492409
7.1556289,7.8068282
,
,
,
6.5963168,3.3376422
4.7544069,7.0086866
7.3297443,3.8664636
,
6.7076543,3.2427249
,
6.5900124,3.2967479
6.6094435,3.4256559
5.9654683,8.733875
,
,
6.4455301,3.3722135
6.7246877,3.3379693
,
,
6.6193048,3.5053559
,
,
9.0695865,7.4497878
6.7652861,3.2221441
10.5361755,7.4147306
6.5498723,3.36972
6.4747499,3.382268
9.0823239,7.4666976
6.5239779,3.210454
7.1189564,3.3088351
6.4635102,3.6264466
6.4853345,3.3708567
10.4433891,7.4667515
,
,
,
6.5979966,3.351668
7.3532833,3.9690267
6.6524866,3.331179
7.0569483,6.2769583
7.9230817,6.4375967
6.2547365,6.21956
8.9475868,7.5492671
6.3235968,5.5599434
8.4983666,4.5845302
6.4599566,3.3048492
6.4569657,3.3871478
7.4188221,7.6268421
6.7700157,3.9725148
7.3840518,3.9915101
7.4196275,3.8743354
9.1405756,7.3286449
7.3841659,3.8302686
,
6.5217261,3.3639067
8.484654,4.5613203
6.5421863,3.3296052
7.3218855,8.9873599
5.8272437,8.0873382
6.613644,3.355794
,
6.6315192,3.5060009
6.4775651,3.3175571
6.1986157,6.7137798
6.5983164,3.3501381
4.9315309,6.3217764
6.3761187,7.5204999
,
6.4471128,3.4625068
,
6.4531837,3.2509769
29.7846221,-95.7370579
,
6.65205,3.5976917
,
6.5096069,3.3781128
9.0113374,7.4735045
7.1638033,3.38638
13.0662385,5.2231107
6.4745859,3.3866107
8.4854136,4.5931051
4.9365777,6.2659746
,
6.2236508,7.0642505
6.6412196,3.5147187
7.4473876,3.8940664
7.2089714,5.1736753
7.1035434,6.478157
7.4382867,3.882872
4.7956775,7.1213006
6.4738861,3.6182422
6.4343964,3.474824
8.9845605,7.4457414
,
6.6769796,3.3144404
6.4234449,3.4169414
6.5618182,3.3413629
9.0007978,7.6388622
8.9665187,7.2496093
6.6121573,3.2780108
6.5937024,3.2456347
7.3976684,3.92971
6.4595274,3.4009947
7.1866583,3.4383217
6.6376746,3.3154009
,
4.505915,5.7252383
,
,
6.6082675,3.3634443
9.11413,7.4197283
6.4580185,3.1693374
,
6.4868665,3.3611967
,
10.5052245,7.3791755
,
8.4654433,4.5932425
6.5223702,3.3343336
,
6.6410667,3.3245183
7.3224048,3.8745981
6.6120747,3.2905898
6.5948414,3.2754954
4.8157805,7.0015392
6.6030812,3.3705654
,
,
4.9798162,6.3713092
6.6335109,3.520406
6.5182374,3.3243535
6.4858859,3.5826928
7.1807758,3.4045763
9.0104309,7.4886887
7.5262206,5.7872427
,
8.4470865,4.5851395
6.6161733,3.3134829
,
,
,
7.5151017,3.8994237
12.16297,6.6790383
,
,
,
,
6.4815092,3.3531857
5.4567781,7.0671256
6.5926307,3.3836108
,
,
9.0249811,7.5651808
7.4019511,3.9497481
7.3799548,3.9144677
,
,
5.7945182,7.0362342
6.5678238,3.2798974
,
6.6266305,3.2450799
6.4817141,3.6083256
9.0622105,7.4386425
9.1249753,7.3928096
6.5536744,3.3658067
8.4678303,4.5641452
,
9.0522089,7.4917332
8.9964779,7.4185624
6.6165615,3.2642226
6.4491934,3.5516978
7.6615534,5.1631291
6.475447,3.7149345
6.5974433,3.3680517
4.7530532,7.0123075
6.5300539,3.4017392
7.7112243,5.2526915
8.9625008,7.354416
,
7.4347464,3.9055086
,
,
6.5940191,3.3470922
9.1512519,7.3755687
6.4763655,3.1839732
6.2140277,6.7086242
,
13.0015512,7.6149762
8.9465271,11.3448923
7.3578041,3.8714162
,
,
6.5277565,3.3831772
6.5170413,3.3257981
8.9579543,7.0662036
6.6882233,3.2249002
4.8027958,7.0238027
6.6162374,3.3361672
7.2568122,5.2137299
6.5942594,3.3572026
7.3680332,3.9736535
8.4526362,4.546487
10.5440267,7.438285
39.5182268,-76.5800679
4.8501191,7.2347277
9.0773741,7.4050689
6.8200356,3.2132354
6.6648923,3.2568966
6.5075913,3.3474127
4.9375915,6.3294199
6.2939622,5.5878218
6.6692642,3.5228562
,
6.5250949,3.3057267
8.4801604,4.5736566
6.6023192,3.3487798
8.9076183,8.3993667
7.6125835,4.7369693
6.4889942,3.3598024
8.6451658,3.4058373
6.5234577,3.3925985
6.4725495,3.5764739
,
6.4304824,3.4378064
8.9599323,7.1297123
9.0228845,7.4316336
10.2921723,11.1007046
9.2832733,7.3825529
,
6.5448938,3.3591922
6.4330459,3.4828186
7.5007011,4.5896906
,
6.4287014,3.5150822
7.4395286,3.9981355
,
8.204115,4.9032317
5.5674488,5.7433312
5.5046328,6.0221014
6.6696632,3.5174932
,
6.45461,3.3849891
6.5484583,3.3752683
6.4639223,3.5470178
,
8.9737833,7.4957867
,
4.9763485,7.7842001
7.4333021,3.8351565
6.6297993,3.382199
6.5107433,3.3669267
6.0008584,5.4536545
6.6334054,3.3194968
6.5729248,3.395742
4.9009045,7.1253131
8.9649349,7.4888751
9.1103087,7.2142242
7.3910921,3.8806443
6.8510027,3.6237423
6.5489138,3.2682643
6.555502,3.3782405
,
6.595453,3.3536098
6.6686835,3.3855154
4.8907619,6.292947
,
9.1057154,7.4219609
6.6072002,3.3220514
6.4471178,3.4633795
7.5585921,6.6295755
6.5108886,3.3387383
,
6.6088724,3.3634778
,
,
,
6.5882017,3.4894833
6.6552389,3.210158
7.390514,3.9468802
6.4423614,3.3264478
7.444346667,3.850975
7.144828,3.3624393
6.4667173,3.5656116
6.5748708,3.3034868
6.4579188,7.5163954
,
7.8047891,6.7390327
6.7045885,3.3370609
7.41379,3.9835377
,
6.4247372,3.5231228
6.6065945,3.2455415
,
6.6386411,3.5020825
6.4426667,3.4159954
6.5881948,3.373377
6.5099619,3.0823159
6.4394674,3.5159825
7.3993196,3.928282
6.3728667,2.5535917
9.0836928,7.4711325
6.6003017,3.5030301
6.4497993,3.2808764
11.08574,7.7293333
6.4450746,3.3736899
6.5747283,3.3708733
13.9882975,5.3967037
6.6614363,3.3097222
,
5.5703712,5.8074201
6.6862199,3.3182795
,
6.5747388,3.3925985
7.3820442,3.8237879
7.5962717,5.2263267
8.475389,4.6120462
,
7.1726462,3.3767218
6.5010925,3.3525884
,
,
6.5935558,3.3579782
6.6658632,3.3286754
8.9493765,7.0721976
6.5467887,3.3043032
6.5321736,3.3092007
,
6.5933476,3.3998479
,
,
6.5212905,3.2663781
,
6.6121588,3.5652896
,
6.6104318,3.4201422
9.1820309,12.4737079
6.5114876,3.3076912
6.5027341,3.093473
,
,
,
6.8334761,3.6336217
,
9.0695466,7.4637835
6.207128,6.6830663
6.6127517,3.2890172
34.0644188,-118.2470093
6.5121751,3.3875561
6.4672662,3.3916173
9.0390881,7.4896613
,
5.0349671,7.9326872
,
6.6865714,3.3551312
7.3951521,3.9561218
4.4381333,7.1691799
6.621568,3.3170162
8.4898481,4.5816276
6.7876332,3.6340013
,
5.6375015,-0.0930805
7.3616032,3.8222449
6.5039397,3.6168728
7.0830531,4.8373414
,
6.43968,3.2623567
,
,
6.5787306,3.3204118
,
6.7024313,3.2975096
,
6.7009061,3.3258281
6.5047279,3.3081526
,
6.4358009,3.4271583
4.6369142,7.9306371
7.7412509,8.5484473
8.4713691,4.493658
8.468855,4.574915
10.5649567,7.448855
9.8849631,8.8840125
,
6.5337961,3.3396787
,
10.6102712,7.3746954
,
,
6.5666867,3.3009699
,
6.5487811,3.2371513
5.5344747,7.4994137
6.437825,3.513139
6.8403499,3.9552659
7.3836649,3.8597555
,
4.8583511,7.065474
8.7206777,4.481963
7.443816,3.9064279
4.8408025,7.0506844
9.0585917,7.4931076
,
,
6.5109293,3.3242545
54.998841,-7.2394455
6.4433195,3.4703342
,
,
,
6.5322733,3.376556
,
6.4949086,3.357822
5.0482687,7.9016168
6.4330438,3.4831343
7.1383391,3.3244938
6.6416459,3.3639364
,
6.484759,3.3063181
9.0296347,7.4717771
,
6.6154703,3.3858721
,
,
,
7.2635807,5.2147603
9.0034268,7.4257301
6.6434218,3.2899607
6.6640516,3.3084765
6.8989986,3.0015245
9.0583068,7.5002227
6.6470949,3.4853446
,
5.0346331,6.3177889
,
6.2953705,5.6108072
12.9997831,7.6163355
6.6010508,3.3903861
6.5979106,3.2648063
,
,
8.8536729,7.8819306
6.7038913,3.3286609
,
6.5187287,3.336857
7.4150444,3.9328862
6.554676,3.3544779
8.4870216,4.6184045
6.6393427,3.4007935
9.1171305,7.3879571
6.5862717,3.3808433
,
6.6370015,3.3525884
10.4619949,7.3825294
6.6207717,3.9918867
55.3115991,94.6767649
7.4363129,3.9216835
6.6353847,3.2949932
,
9.4657347,12.0355697
7.6233317,5.2238733
6.4611679,3.2705574
7.712747,8.616696
6.6349303,2.7494204
9.0751951,7.4767951
7.7088112,4.4975218
,
,
6.483432,3.3566824
9.0478276,7.5010263
7.3610842,3.8761145
6.6042239,3.2266053
6.59471,3.2504
10.4870486,7.4278134
12.023015,8.52696
12.023015,8.52696
4.9202344,6.2832062
,
6.6531879,3.325616
7.1044601,3.3126539
,
6.6305389,3.3217367
7.7695283,4.5287483
,
7.4249657,3.947865
6.5917535,3.2377797
6.519665,3.3197567
4.8875645,7.0000951
6.59091,3.3316383
,
7.1392383,3.393302
,
7.4000895,3.8899917
9.1441383,7.360265
,
,
6.4583626,3.3855015
,
13.0120103,5.2545693
,
6.6299083,3.3658274
6.6609292,3.3157574
,
,
,
6.5339884,3.3104082
7.4113813,3.8918142
,
7.7835196,4.541653
6.4414246,3.3628937
5.5606382,5.8065445
,
5.8387947,7.4632731
6.5182551,3.3243307
6.47414,3.2979981
6.698642,3.2341849
7.7886063,4.554382
6.5242577,3.3220514
6.4411777,3.3310592
,
6.6006783,3.3563854
,
6.5873177,3.2538053
6.9172694,3.0180403
4.9409019,6.3207795
9.015519,7.4406707
9.5320913,6.4513621
6.4265408,3.336188
,
6.4807943,3.3610229
6.4486686,3.366254
6.4756932,3.6599474
6.6711956,3.289814
,
6.668453,3.3676319
6.442082,3.4128802
6.8466936,3.6557658
7.3641184,3.8657788
9.8535875,8.8947013
6.4577299,3.1916983
29.9354578,-95.3372123
9.0158941,7.4456734
6.6691247,3.2854141
6.6113085,3.3056888
8.4846539,4.6161456
,
6.470968,3.5931542
8.4387867,4.5990583
,
6.5498716,3.36972
7.632835,4.7424917
,
12.0265716,8.5349378
6.794871,3.2012288
,
,
,
,
8.9920905,7.4640085
6.6831984,3.4711315
,
7.2378539,5.2247215
33.883619,-117.8225091
9.0300817,7.5931033
6.3146482,8.0997482
9.0151792,7.5750023
,
6.8334492,3.4380035
,
,
6.6879175,3.276811
,
4.720982,7.1570717
,
4.8319172,6.9979401
,
6.4540573,3.4231792
4.8340691,7.0483318
,
,
6.6671957,3.319964
5.8857439,5.6903337
5.5372662,7.464168
7.4142169,3.9225779
,
6.4250421,3.3365305
7.374784,3.8754919
6.4291349,3.4274473
,
6.6061828,3.344965
7.3464418,3.8758802
6.4637795,3.5547609
,
9.0370751,7.493763
,
,
4.8151643,7.0432296
6.629587,3.2638633
6.471885,7.48457
6.4739359,3.6181852
7.7059891,5.2478726
,
6.6074703,3.3939591
5.5479256,5.7724916
,
6.5398004,3.2871302
6.4428334,3.4205973
9.0546924,7.4845662
4.7911916,7.0106293
7.0301684,3.2367526
9.0171219,7.679738
6.5247019,3.3846204
,
7.7157783,8.5050067
6.6024647,3.3077251
,
7.3963207,3.9382775
6.5066008,3.3245692
6.5838284,3.2872931
6.5346377,3.2616629
6.4513889,3.2686193
,
,
6.817493,3.4244407
8.1476031,4.2607369
9.0514301,7.4288404
,
4.9607559,8.3418717
4.9232295,6.2978783
6.5957323,3.3409676
6.5790486,3.3507089
5.1368405,7.3541878
6.4166369,2.9875028
7.1760897,3.4017392
6.4343022,3.4282016
6.581626,3.359202
6.4847089,3.3053442
7.8168117,6.6461967
7.364631,3.8649437
7.7631517,4.5497533
6.9476778,3.9060569
6.259365,5.6793267
9.0286167,7.4918243
6.5570449,3.3511583
8.4708378,4.4944671
7.3797225,4.0234122
,
7.1044807,3.3127202
,
,
6.5031619,3.3494296
4.8997356,7.1108716
,
6.5121219,3.2534281
7.4654727,3.8582203
6.436185,3.4132627
,
,
,
6.4978043,3.109123
4.9335653,6.3114759
7.4239626,3.8395746
8.4498172,4.470813
6.6378765,3.3561755
7.4023509,3.8380987
7.4143335,3.9514123
6.4263965,7.5296319
,
,
,
7.9863467,3.57922
,
6.5077577,3.2616983
6.5318884,3.3704933
,
,
,
9.8798816,8.8869769
6.5849264,3.3921032
6.6333374,3.2453548
6.4848291,3.3713936
,
6.4751669,3.5790813
,
,
6.6239767,3.3351367
8.4680385,4.5646288
6.1265464,6.7717363
6.4543393,3.5135142
6.4531,3.3958
7.7136352,5.2488405
,
6.8803114,3.7055958
,
6.633555,3.27407
6.66989,3.2737267
6.4517767,3.6076055
,
5.1336237,7.3389105
11.085675,7.7272367
9.240795,12.42122
,
,
6.6804133,3.2932017
,
,
9.170555,7.3814717
,
6.6405991,2.7486303
9.0053581,7.4687117
4.8061756,6.9313152
11.9745783,8.47611
6.7157505,3.2525482
,
12.0198888,8.5635866
8.1362462,4.2392632
,
6.5858269,3.9704655
7.419121,3.8723438
4.8756519,7.0120454
6.5151015,3.3643434
,
,
7.2560084,5.1717196
6.633325,3.3538481
6.7148972,3.2230145
7.6626976,5.2438772
7.2555974,5.1863036
,
71.22806939,100.0778949
,
6.459315,3.3318086
12.0036084,8.535544
6.5492186,3.323625
6.63739,3.3444014
,
7.1842308,3.4287548
,
7.425694,3.9341359
,
,
6.4351001,3.4159999
9.0283551,7.5030844
6.333186,8.0859096
6.3616491,5.6027069
9.0185921,7.4613774
6.6594462,3.2794797
6.7055954,3.2202099
6.4404804,3.5147672
,
,
6.5152363,3.252215
6.5347605,3.3369699
9.170883,7.379851
4.9227194,6.2852416
4.9227194,6.2852416
6.4256966,3.4156604
6.6670785,3.2787102
8.0209268,4.6627005
6.4161882,7.5049278
10.4797987,7.3907597
,
6.5480072,3.269134
13.00168,7.62988
,
6.6402354,3.2924418
,
8.4825367,4.6011333
6.3797026,5.7081017
,
6.4578965,3.4379345
6.5648266,3.3305495
6.6463499,3.5097798
8.9396507,7.3261719
7.7803754,4.5539801
6.5249037,3.2739233
6.5066463,3.6105414
6.5867721,3.3572828
6.5697153,3.3407004
7.1825615,3.3903924
6.45563,3.431745
6.589962,3.3989764
11.0882833,7.731975
8.4813187,4.5503546
8.9959832,7.4785401
6.5921915,3.3952298
6.6004303,3.3447719
10.4635392,7.4252793
6.682902,3.2980941
,
10.4504331,7.456973
6.3217533,5.6272822
9.0461632,7.4979879
7.3351928,3.8796679
7.5280448,3.9558094
,
6.423788,7.5330129
11.9775901,8.5647352
6.6070859,3.3817655
,
,
6.6234917,3.3434611
6.6216883,3.3466833
,
6.6590967,3.3504983
5.1853975,6.2989408
6.4471635,7.4897981
6.6087151,3.363847
,
4.9305353,6.2905478
7.4901495,4.5332749
6.4797215,3.1561623
6.5274068,3.3101166
5.5693467,5.7437952
7.1561758,3.3667615
,
5.5306505,7.4920715
6.4944217,3.3385583
7.1544322,3.3289756
,
6.601766,3.4942816
,
6.5653626,3.2742589
4.8463329,6.9844593
9.0524485,7.5283502
,
7.2770498,5.2443876
6.487669,3.8535249
6.4273754,3.4396005
,
,
,
6.4631191,3.2048024
6.6240019,3.3519586
9.0759168,7.4308769
6.43336,3.4205973
6.5076783,3.3656067
8.4699684,4.5851752
6.5526601,3.2810662
7.7659524,4.5371415
,
,
7.39229,3.9379562
,
9.0054246,7.5057459
6.6252745,3.309412
,
6.4342448,3.4195783
,
6.6175986,3.3122961
9.1276322,7.3950508
,
6.5821275,3.3837746
5.4794504,7.0801593
9.1135353,7.382452
6.5304565,3.3913378
9.05488,7.4906022
9.0550851,7.4007939
,
8.4834271,4.6035341
7.3798335,4.0248468
6.5762506,3.2648063
9.9138204,8.8905635
7.1416558,3.3981118
9.079091,7.4132575
7.4004668,3.939942
9.0936174,7.388466
6.6821406,3.209425
,
6.4079765,5.6068662
51.916283,-3.8056971
9.0309833,7.4969483
6.4648617,3.5563633
6.6066527,3.3623846
6.5672709,3.3382178
6.5625221,3.261507
6.6229933,3.32797
9.1021592,7.3865425
,
4.6366848,7.9391518
,
,
7.151954,3.3464259
6.4759124,3.7602241
,
6.4374159,3.4668698
6.8230117,3.9221583
6.4340012,3.4256924
6.4303359,3.4239578
,
,
6.4389202,3.4582779
,
,
6.2418317,5.6276817
4.8050149,7.0358424
6.651641,3.4067831
,
6.4392835,3.4330695
6.455106,3.3628026
9.2697493,12.4103002
8.496225,4.6086967
9.847086126,8.897843582
8.4602317,4.518445
7.1176565,3.334732
6.5806918,3.2820329
9.0674895,7.4446926
4.8654285,6.9750855
6.451961,3.3962723
6.4441434,3.4345869
,
6.608266,3.3810932
,
6.5847393,3.2915333
7.1389521,3.3318086
,
,
,
7.5006889,3.9091456
6.6805874,3.50944
,
,
,
7.4861078,4.5326305
6.0629636,8.33873
8.4831761,4.5671173
7.4063863,3.9368532
6.4402493,3.9131147
9.0734216,7.4704878
,
6.67284,3.5143868
6.5810176,3.3963934
,
,
,
,
7.7892793,4.541653
,
9.8390034,8.8975125
6.776668,3.5252189
7.3126296,5.1577058
,
9.912995,8.888935
,
7.8222985,3.9147069
5.559055,5.768004
10.5225053,7.428821
,
,
9.1071597,7.4055238
7.1699314,3.3831924
7.2790222,6.1116039
7.4928917,3.9268617
6.6290315,3.5409489
,
9.0308354,7.4953948
11.8030729,13.1855688
7.1248691,3.3743221
4.8566474,6.963732
7.1868282,5.2295528
8.5001198,4.6100146
6.4523012,3.3872409
6.4962198,3.5875457
6.6592413,3.3093031
4.9650792,8.3550228
,
6.5818958,3.3468613
6.549919,3.2673212
,
8.4805377,4.5171419
5.5483781,5.8246905
7.3862526,3.880576
11.1564139,7.6468429
7.3555169,3.8957678
6.5854158,3.2387222
6.5416284,3.3823173
6.4620517,3.6314267
7.3867585,3.9980535
,
9.0911591,7.409596
,
6.6039583,3.38218
6.4404437,3.3656492
9.123573,7.4927481
6.6224465,3.4905008
5.4422871,7.0238027
,
6.6681067,3.3075953
4.9261183,6.289975
6.5257703,3.3824074
,
7.5068243,4.5866857
6.492687,3.3306627
6.4550562,3.5628598
6.5397064,3.3549943
6.5545208,3.2656981
6.9827804,3.5306698
,
,
6.5169928,3.3973649
,
6.2826796,5.6223032
6.1938305,6.7378896
4.9720671,8.3630994
8.4590894,4.5796927
8.8494233,7.8810317
4.9383161,6.3211118
5.5086909,7.499299
,
7.4508506,3.9503855
7.4438858,3.8984686
,
6.430547,3.4250123
,
6.4574415,3.3814212
,
6.4541164,3.7048291
,
6.4825393,3.3628045
6.5229735,3.3148134
7.7023491,8.5753638
9.1556516,7.3346092
,
,
5.1306546,7.3579016
9.1461229,7.3753219
8.9892747,7.5678901
6.4828792,3.340139
11.1064646,7.7315082
,
6.4270116,3.4309448
8.4817916,4.5625951
9.0665884,7.4963215
8.4771985,4.6183277
,
6.5737533,3.2807454
,
7.6966765,8.550778
7.2575674,5.2118247
7.4571986,3.8612211
9.0346273,7.4791983
8.985174,7.4444594
7.4238883,3.8749983
6.6401483,3.3422628
11.9735439,8.5147205
6.4621414,3.3867958
4.8138282,6.9480508
7.6530907,5.2288351
8.9165119,7.2575093
,
7.2375484,5.2000837
7.2888774,5.1460545
,
4.9423225,6.3210698
7.3401106,3.8708762
6.4735916,3.6282713
7.1195992,3.3129254
6.5349976,3.3217904
,
8.9749403,7.3785
6.4427609,3.4205677
,
6.6060299,3.3496499
,
6.784304,4.8725268
,
7.4267454,3.8911472
8.990339,7.3632967
6.492549,3.3362157
7.4213331,3.8221443
6.5568213,3.2814697
6.6420083,3.3084534
,
,
7.4109961,3.9120898
6.4293923,3.5247072
,
,
4.6438891,7.9257505
6.531303,3.2329407
6.6211758,3.5310086
4.6403393,7.9297856
6.6367236,3.3687497
9.0636258,7.4099902
,
,
6.4285226,3.4279986
,
,
6.4167022,7.4972502
6.5490517,3.329568
6.6178599,3.3621253
,
6.618535,3.471805
6.2035341,6.7310808
6.5513984,3.2247592
6.4562179,3.6111389
9.0007668,7.2702164
9.0837675,7.4865098
6.4545459,3.3871146
,
6.4471613,3.4367713
6.5362051,3.2767531
6.6697833,3.3462517
6.1527515,6.8149756
7.3574644,3.8717344
,
6.1279827,6.7712733
6.4601936,3.4176509
5.7827363,6.1001944
7.1479056,3.2724085
6.4276529,3.4617177
6.5634102,3.3791368
6.8069289,3.4567564
8.4892092,4.5777578
6.6772133,3.36518
6.4584668,3.2041744
,
7.794224,4.5545448
7.3564133,3.8777733
9.887505,4.4930517
6.5208935,3.3096838
5.0263922,7.8921853
4.8621136,7.044299
9.0886474,7.4952326
,
7.5362633,3.9127963
6.5201744,3.2327531
,
6.4504378,3.2813874
6.5628218,3.3314938
,
,
10.4682741,7.4505846
6.6561113,3.2877592
6.6478514,3.2818886
6.5866738,3.2457617
,
6.5075679,3.353836
6.5882742,3.3981264
7.3325692,3.8675982
7.3555954,3.8539193
,
,
7.37335,3.8551
,
6.6599293,8.7962242
6.5612502,3.3927903
,
9.0678883,7.4501583
6.6391325,3.3657378
6.4994507,3.357145
6.685203,3.3224209
7.2166211,3.4465844
6.5615377,3.3743221
8.1670658,4.2663653
6.6723217,3.310545
7.4203426,3.8905106
,
6.6404349,3.2792292
6.4480535,3.4708909
,
,
6.5236228,3.3173309
,
,
,
,
6.6947221,3.2519197
8.9338388,7.5520307
,
7.6802317,8.5381079
12.2871913,4.4556788
6.5569536,3.3598455
6.45958,3.1923632
,
9.1000983,7.273175
5.1146482,7.3705547
6.4945736,3.5835149
,
6.4722633,3.5760217
6.4608568,3.5953494
7.2562259,5.1821507
6.5792033,3.3603867
4.9456819,6.3556025
6.449251,3.3975725
6.493532,3.1986676
6.5364342,3.393544
10.4491474,7.4845367
10.6004121,7.4454033
6.4906507,3.3574352
7.493411667,4.555411667
6.6925149,3.3327529
7.4659348,3.8641235
6.7146533,3.3356383
6.454091,7.5113568
7.439825,3.99872
8.9140031,7.5634876
,
7.4264164,3.8901923
6.458081,3.4181337
9.1513033,7.353145
7.394686,3.8154471
9.0749237,7.3932614
6.4348088,3.4272992
6.5942889,3.3468346
6.5286039,3.319219
7.3509584,3.8838267
6.4679286,3.568884
6.8109999,3.9384331
6.663395,3.3285217
4.9227943,6.285986
,
7.7824826,4.5435865
6.6680034,3.5934507
6.4979165,3.3799934
8.9757352,7.3573293
7.4115833,3.912285
,
7.3003688,5.1353736
,
6.4310038,3.417237
9.0398385,7.4894093
,
7.0223204,3.4913246
6.4336778,4.002019
6.4423803,3.4038221
7.4049228,3.9322698
6.6046306,3.3659421
,
6.5306353,3.3288152
6.2333216,5.6009552
6.4296851,3.4124877
4.8353171,6.9898802
6.5707328,3.3440865
6.6648133,3.59047
4.8309144,7.0589896
6.5234801,3.3372564
6.6896993,3.2604495
7.781234,4.5019448
6.4230477,3.4266977
6.4509588,3.3891318
,
6.66481,3.29845
9.0289987,7.5865189
,
6.4354136,3.4272791
6.6631537,3.3230626
7.4249515,3.9478074
7.3797041,3.870087
6.442652,3.418543
9.9003968,8.8917583
7.3391667,3.8782868
,
6.4515674,3.3976414
6.6812131,3.4999799
4.8803064,6.9839034
6.7104406,3.3987131
6.6583315,3.4709746
7.3554344,3.8678278
6.5932938,3.2572625
7.8480154,5.1814987
6.449467,3.3947654
6.6584878,3.2889405
4.913905,6.2955233
6.6240294,3.4938708
9.1078476,7.4104488
8.4880943,4.5833457
6.4286121,3.4161038
9.0593933,7.4964633
6.6032763,3.3975192
7.482156,3.9107725
6.4768189,3.3446747
7.8237463,4.5290944
,
,
6.5075388,3.3020335
6.6092042,3.3635624
6.3733575,5.6144667
9.0557141,7.4788577
,
9.1113256,7.2725366
6.6331264,3.3500246
,
6.5528982,3.3986234
7.2708209,5.1691121
6.6296009,3.2780078
7.4234683,3.9251467
6.4562162,3.5284895
7.435173,3.2818205
,
6.4559227,3.3816772
6.4517633,3.4290828
6.5090812,3.3522735
6.6430883,3.2899607
,
,
6.4364401,3.4911307
,
6.5518686,3.3426733
6.4370975,3.5223019
6.5184344,3.3684913
7.6045496,5.3064742
6.4913404,3.155352
,
6.4843908,3.3563282
6.4534474,3.4320398
6.640356,3.3989022
7.4017273,3.9260828
5.4584155,5.8722769
6.4450743,3.3189333
6.5115635,3.3433569
6.6688516,3.5164608
8.14863,4.2478433
4.879515,6.97966
6.4714377,3.7006264
6.587741,3.2904876
6.61351,3.3364586
6.6403087,3.3566824
9.03617029,7.4501588
9.1504813,7.3184105
,
11.9695207,8.5770808
6.4488116,3.4067149
6.6466794,3.3444202
6.4311116,3.4244407
8.4475212,4.5104148
6.6554683,3.3684033
5.6482745,-0.0659086
6.6073134,3.3410463
6.4979741,3.613707
,
,
9.1394033,7.3675283
6.5361011,3.2146658
,
,
,
6.4995697,3.3815688
7.1384209,3.358887
6.5467152,3.2699483
,
6.4234387,2.8868638
7.3239248,3.8936936
4.918464,6.2699587
6.5435757,3.3711717
6.4310422,3.434849
,
,
6.5995849,3.3926253
7.5599287,6.6302434
12.0247075,8.5300488
,
4.9546889,6.3646582
,
9.0677895,7.4824749
9.1197538,7.401866
,
,
,
6.544302,3.346264
,
6.42578,3.4405568
6.3548195,4.8048475
,
7.7963429,6.7375239
6.5966258,3.3412824
,
5.853346,6.8593911
,
9.1460831,7.3660052
6.528398,3.3678311
6.627129,3.3330677
40.74851608,-73.98565674
,
6.6108135,3.2883993
6.5369288,3.3493936
9.0785941,7.3128983
,
9.013732,7.4102541
7.2826919,5.1889972
,
6.4557257,3.3831936
4.7652659,7.0171764
4.838955,7.0461617
4.801915,7.0509117
5.5311691,7.5025593
9.0483723,7.5078362
6.4973614,3.5878021
,
34.5501035,-92.391699
7.60063,5.2212845
6.5291378,3.3536221
,
6.4511203,3.6089587
6.6518433,3.3063883
7.7990101,6.6970638
7.3467977,3.877977
9.0535557,7.4761737
,
6.6183341,3.3019136
,
6.5850413,3.3545075
,
6.6437685,3.3381046
7.3131517,3.8729717
,
7.1489922,3.311641
9.02734,7.488665
,
,
4.8943969,7.0242958
8.5095298,8.5094601
6.6598527,3.3765275
5.5448288,5.7565853
6.206776,7.0619706
6.5892283,3.48734
,
,
8.9261512,7.0779918
,
6.5253685,3.3360183
6.6404733,3.3717
7.778052,4.4820683
,
6.6640792,3.3357985
,
,
,
6.2702867,5.6349017
6.5619998,3.3958913
7.7812271,4.5567515
7.7075079,4.4543275
9.0446092,5.9982963
7.421837,3.9124778
,
6.706135,3.2467533
6.5089427,3.3226808
6.5716291,3.2582054
,
6.5754657,3.4812399
,
6.4884273,3.0709663
6.4329295,4.0432013
7.4130233,3.9554917
9.581125,6.544435
6.47049,3.6364332
6.5548247,3.3780749
7.4604206,3.9625763
7.1289625,3.3419228
6.7930779,3.4553466
6.6030118,3.3338126
,
6.8164796,3.9124778
6.4643533,3.1668276
,
5.5421424,5.7268558
9.8398085,8.893322
5.5322236,5.773273
9.8557685,8.8643627
6.5321178,3.3484084
,
,
6.4498213,3.410251
7.8212769,4.528442
4.6222793,7.7638688
6.4646033,3.2855517
,
,
6.4276863,3.4189428
7.391286,3.9739724
,
6.3904841,5.6103897
7.4118193,3.9395519
,
,
6.4374561,3.556174
5.6017045,5.1883451
7.5655203,6.2261286
6.473645,3.5735189
6.5459505,3.384848
7.7768818,4.5666827
6.6634694,3.1814816
9.0552024,7.524058
7.4509755,3.8632213
,
,
6.5509375,3.2686152
,
,
7.3478574,3.8774483
10.4535817,7.4496983
9.1484607,7.316386
7.3976569,3.9784309
7.7137601,8.491964
4.908485,7.1150133
6.4469188,3.3668108
6.6467741,3.3562353
,
4.828846,6.9890062
6.4967288,3.6016789
6.6048079,3.2932916
6.6790043,3.2978675
6.4320012,3.4389992
6.4585112,3.3835483
6.6716345,3.3430645
7.7101614,8.5207832
7.444488,3.9067463
7.6214191,4.8176088
,
5.5091928,5.7852402
6.5809046,3.3851748
6.6688282,3.5302774
6.5259047,3.3581185
6.442057,3.4201375
6.5087617,3.3395917
,
6.5947509,3.3894469
,
6.6911284,3.2281805
6.3901503,2.4448094
,
6.663206,3.6658454
,
6.5281331,3.2950848
6.6491554,3.4768198
6.5327178,3.3769676
6.4321191,3.4662844
6.4539447,3.3885508
6.6174953,3.56622
7.3422948,3.9254564
6.4498394,7.5083114
6.6688617,3.5163817
6.71531,3.2341633
6.4228731,3.4444526
6.6139024,3.3167015
7.3841842,4.1873985
6.5775287,3.34756
8.9911987,7.4410231
6.5341853,3.2283553
6.6946267,3.2825517
8.9949455,7.3724212
,
,
6.6922633,3.2544183
6.4827432,3.6038944
,
4.8355154,7.0168036
,
6.420267,5.604239
7.3227166,3.9166177
,
6.2619231,5.606534
6.5347283,3.3715585
9.1041583,7.288695
7.2075031,5.2144342
6.5120097,3.3469513
4.9820841,8.3596752
4.8876317,6.9284317
6.6405621,3.3472417
7.3951633,3.9291783
4.8913597,6.936152
6.6502074,3.5169304
,
,
5.551603,5.7617476
6.0190397,6.9180394
9.1298789,7.4866591
6.6610172,3.3025428
6.252362,7.1448312
9.0886107,7.4970383
7.2284074,5.2066062
4.8094405,6.9502058
,
,
,
6.6156848,3.3590923
11.6928368,9.3397369
7.7251103,8.5586083
13.0462282,5.2304196
7.49733,5.2526767
6.505318,3.0807785
,
6.4269783,3.43672
6.5860832,3.3900772
,
6.4192334,3.4100416
6.4452736,3.4269933
4.8099638,6.9835007
4.8237067,7.0547176
,
7.764601,4.5368193
6.5779495,3.4899724
6.5358295,3.3844048
7.3847517,3.871935
6.5179593,3.3929224
,
,
6.4374075,3.4672483
6.5435399,3.3945148
6.6094642,3.3737379
6.6026888,3.409583
,
9.0760613,7.452958
6.503963,3.3526986
,
6.65281,3.2836983
9.001209,7.6373503
6.536878,3.3662272
6.6350853,3.3399935
5.5065935,6.0217707
,
6.5318747,3.361665
6.443955,3.281915
,
7.1369042,3.3362157
,
9.0885415,7.4768502
,
7.3086517,3.9178033
5.0275453,8.3363611
6.5126525,3.3545662
7.5000881,4.5430554
6.503569,3.1740436
7.7659285,4.5393972
4.8344146,6.9708139
7.403006,3.9828999
7.48203,4.5355304
6.6155257,3.5018556
,
6.5139607,3.3692816
5.5881877,5.710499
7.7974933,4.5689017
,
,
6.4477839,3.5150346
,
8.4687867,4.5286317
,
,
,
,
,
8.9837848,7.4449606
,
,
,
,
7.8040957,3.9136073
6.65607,3.3295533
,
,
6.4329662,3.4760991
6.4467,3.4062413
9.1156955,7.4078889
6.456215,3.4746199
6.456235,7.5228628
,
6.4344378,3.4615233
6.4812902,3.374037
8.9266109,7.3271843
,
6.6066117,3.3082633
6.6215198,3.3740071
6.8627737,3.6349619
6.4555473,3.2453205
6.4359708,3.4433665
6.6932386,3.4222331
4.8408047,6.9748079
8.8361474,7.8722266
6.8917039,3.703693
,
6.6496165,3.5170878
6.5668965,3.3324186
6.4668817,3.3444014
6.8321711,3.1923615
6.4557563,3.3832823
,
4.8795201,7.0117095
,
6.4352122,3.4604257
6.5676639,3.2531767
6.6163227,3.3458512
6.7086433,3.3482785
7.7894835,4.5593259
6.4882508,7.4873049
6.4415536,3.4642821
10.3058547,9.828013
6.62533,3.4896833
,
,
6.6975326,3.2305542
7.3898897,3.8789034
7.1831058,3.4373835
6.4334393,3.4266937
6.4489121,3.4790989
,
,
4.8865583,6.9204817
9.9250206,8.8363679
5.55619,7.5075967
,
6.6162419,3.3361665
7.1329891,3.3366178
9.1861685,7.3886327
6.5073332,3.3728356
6.4463033,3.4273415
6.61866,3.5534683
7.6429441,5.2385396
7.3743806,3.8246651
6.5590893,3.2912188
,
7.3338866,3.871098
,
,
8.4770548,4.5695855
7.757649,4.5216767
6.5354933,3.3799617
6.5828414,3.5223019
6.6371808,3.3563049
7.4554575,3.9181794
,
7.3364242,3.845211
6.5482963,3.3623516
6.6607579,3.2406074
6.8262642,3.9424194
7.1359255,3.3321234
7.3446874,3.8736463
6.6194277,3.379166
6.4847565,3.3576273
6.4665283,3.2443778
,
4.9602419,8.353798
,
5.5157883,7.5151917
,
6.5477112,3.3767541
6.3223332,5.6262453
,
,
6.6471138,3.3410482
4.8113433,6.9744361
8.4191878,4.4820683
6.4415816,3.46012
6.682207,3.2770675
6.6863564,3.3551078
6.5816496,3.4052068
9.2174082,7.4110533
6.4305724,3.4553566
7.4034112,3.9752476
,
,
,
6.6099754,3.3557376
6.6307105,3.3221378
6.4411578,3.4179771
,
9.0674885,7.4045083
7.0673175,4.8394273
9.0429283,7.5308917
,
6.4474224,3.3975725
,
,
7.4256545,3.9376259
6.6700028,3.4528322
,
6.6524136,3.3199917
6.4318667,3.4432483
,
6.5457178,3.3573419
,
,
6.5894977,3.3729063
7.7659085,8.5593171
7.6609081,5.2362929
7.4104501,3.9246458
,
9.1382037,7.3818774
6.5483132,3.3785362
7.8296432,4.5220062
9.6283896,6.5242494
,
,
,
10.2970903,11.1783423
,
7.5610579,6.6479015
,
,
7.6035633,4.7495167
,
,
6.8479724,3.437212
6.6064394,3.3362157
6.464077,3.1577306
10.4229283,7.41471
10.4549443,7.4515712
7.4988059,4.5815557
7.4298816,3.9146174
7.3966381,3.8691837
7.3719873,3.9587247
7.63062,4.7205967
,
11.9777972,8.4706388
7.390485,3.9517083
9.0519983,7.4729981
8.4948131,4.5958193
7.3284667,3.8351565
,
7.2513109,5.200208
,
,
,
8.9701712,7.4666345
,
6.6315824,3.2940814
5.881232,5.6854072
,
5.5857419,5.7117204
7.9086024,4.8191781
6.3090695,5.6181838
6.5981652,3.338449
,
6.4674226,3.1545941
6.5941467,3.5254619
6.4291647,3.4665664
,
,
9.0089162,7.6233339
,
6.8057598,3.8739617
6.4468486,3.46005
6.4489457,3.4417891
,
9.047226,6.0030985
6.724017,3.4747644
4.9335181,6.3164598
,
6.5637543,3.3415677
9.0586455,7.493097
4.9372529,6.3310816
,
6.7188235,3.3910227
6.3711057,5.6160622
,
8.9501279,7.5553608
,
6.4335625,3.4625135
7.134875,3.3394918
8.9388311,7.081795
6.49403,3.5811056
,
6.6231835,3.4717688
6.484833,3.3714041
8.1655175,4.7174549
6.5434967,3.2794033
4.8060353,7.0088854
6.4465644,3.3666075
6.4433657,3.4625792
7.1576778,3.3450311
7.4206129,3.9777306
7.6131518,5.1299915
,
6.5109992,3.3135548
6.4085755,7.4999484
6.4309857,3.4386443
,
7.1739574,3.3902009
6.638095,3.3842983
,
,
,
6.5463653,3.3652337
,
,
,
6.6138615,3.3510972
9.0889352,7.4376073
9.0889352,7.4376073
7.7571075,6.7412912
6.4951087,3.1992812
9.1390491,7.3686451
6.6594794,3.348978
6.6635586,3.2714081
4.9241549,6.282577
6.6022522,3.2327404
6.5117336,3.5969317
8.4818239,4.5553875
6.4889139,3.3324381
7.7967217,6.7135467
6.5166169,3.2290719
6.6979267,3.328901
6.8823052,3.5747841
,
,
6.6207446,3.2902753
,
,
8.9361342,7.0725051
10.5282429,7.4306571
6.4587892,3.7446198
,
5.5584987,5.7936891
6.5593252,3.2694672
6.4333297,3.4375895
6.3053652,5.6301979
,
,
7.7347122,4.421511
7.402945,3.8091267
6.4411578,3.4179771
4.8520385,7.0339748
9.0831283,6.0348317
9.0378575,12.0555833
6.4724876,3.5962988
6.5919362,3.5080843
4.8624833,7.0312567
6.6281272,3.2994496
,
6.4969523,3.5868203
9.07106,7.4442633
9.1693008,7.3393346
,
7.4402696,3.9442413
,
6.4862985,3.0596545
6.5256774,3.3675696
6.6575887,3.5166743
6.4802662,3.3467573
6.5404737,3.3340066
,
6.5741462,3.3761051
,
,
9.0146061,7.5861802
6.447937,3.3426863
4.7952117,6.9856483
7.7758712,6.7346848
6.5433413,3.3563675
8.9852322,7.5011585
6.5436867,3.4707965
6.4600275,3.3874869
,
,
,
7.1212892,3.368366
5.4925433,5.7980077
,
6.437366,5.5865086
6.4897847,3.3556378
6.5383937,3.3992175
6.5107463,3.3012845
,
6.6516136,3.3082837
6.4665413,3.2943641
,
6.6111015,3.3618835
6.6232958,3.4940441
7.3738512,4.0476385
6.8093293,3.1994653
6.6434962,3.3724288
7.067161,6.2635651
6.4269995,3.4086944
6.5083683,3.3920645
6.5366089,3.3673915
6.4533193,3.4310048
4.9587243,8.3327217
6.4837697,3.3456255
11.1518522,7.660406
6.4374516,3.5206529
,
6.6050038,3.5079161
7.7372133,4.5938034
,
,
4.8965618,6.3001805
4.9104818,6.2951979
6.6523173,3.3563675
,
9.0701342,7.4531156
6.5710913,3.3482039
6.4427927,3.420479
6.6731183,3.3418617
,
,
6.296475,5.6311732
4.8185346,6.9693497
4.8185346,6.9693497
,
,
,
6.705555,3.2789417
6.8488261,3.632376
4.8335454,7.0010898
6.4429322,3.5243563
4.7603993,7.030789
,
7.3757656,3.8233314
4.8277461,7.0684995
5.1088625,7.3977534
6.4889365,3.3289756
,
,
6.708068,3.2369922
6.367569,7.493963
6.5933683,3.3953148
4.8861779,6.9287965
6.6069587,3.3582571
6.8418463,3.6227316
,
7.2436159,5.1981271
8.4950323,4.595657
8.9783439,7.369689
9.0770356,7.4977276
7.4083333,3.8920083
,
6.6290559,3.3440865
7.3273117,3.8907319
,
6.5965847,3.3645565
,
,
6.5101981,3.3634315
7.3901718,3.8813881
,
7.8150785,4.5902568
,
6.4382698,3.3610146
,
9.1691373,7.3812019
5.1210196,7.3518286
6.6679745,3.359517
6.5963384,3.9761409
4.9486016,8.3509228
,
,
6.6833545,3.508566
,
,
4.7145415,7.1560014
9.0750762,7.4957707
6.7267188,3.3941773
,
6.6061511,3.265432
,
,
6.4492814,3.2893317
7.9108866,6.4398552
8.4788532,4.520708
7.38776,3.8788125
6.6350494,3.345346
6.6997748,3.3551682
6.1885296,6.8071343
6.5944539,3.3840897
5.9140826,5.6538468
4.9777265,6.1106374
9.0826446,7.4666565
7.3815854,3.8016878
6.4776321,3.1712198
4.8670745,7.1423569
6.6020877,3.0787527
,
5.5462823,5.7606924
,
,
6.5299358,3.3695966
8.9675067,7.26415
6.4345525,3.439571
,
6.6346052,3.3119815
,
6.4581484,3.3959482
6.6501942,3.2745521
6.5336065,3.3713782
6.6115252,3.2846299
6.4464999,3.3356327
9.0168481,7.4257986
8.8469304,7.9020775
4.8214775,7.0607577
12.033589,8.4940222
,
6.4367583,3.4665732
,
7.7570248,4.5295382
9.0251491,7.5749554
6.4362871,3.4573084
6.3235483,5.5920183
6.6610544,3.33968
4.9033645,7.0053893
,
5.1134272,6.3018415
6.535816,3.2671872
9.0130303,7.4788795
6.5708486,3.2758098
6.6021739,3.3676478
39.3560377,-84.6372525
6.4981531,3.1688924
6.5182743,3.3207925
6.6736695,3.3005564
,
6.6467363,3.3431419
,
,
7.1423872,3.3680215
6.5171772,3.365151
6.6269078,3.3552161
,
7.3985069,3.9697859
7.1980161,3.437688
6.4872452,3.5785802
7.3208916,3.9048607
7.6303687,4.7374811
9.0301435,7.5475734
,
,
6.530299,3.2957298
6.6430011,3.3646622
,
6.6418975,3.3683365
8.9940293,7.4348296
8.459668,4.588723
8.2761407,3.421488
6.5062632,3.3781347
6.4516328,3.2702838
,
7.3578041,3.8714162
8.4823571,4.5065208
6.6412192,3.2919194
,
5.5671178,5.78611
6.5484055,3.541265
6.5074986,3.0856617
6.6410233,3.4864085
6.8292244,3.4366724
6.4726109,3.2292977
4.9970394,7.7982203
6.6850274,3.2756834
7.2717388,3.8641261
8.4652233,4.5788953
,
12.9914405,5.2524568
4.9401962,6.3270935
5.7543325,7.0255746
6.5996718,3.3495615
6.8263933,3.6630767
6.7474502,3.4220739
,
6.598207,3.3477961
6.6506253,3.2080552
6.4842367,7.502829
8.9899646,7.4164294
4.770142,7.0566241
7.1672983,9.2874809
6.5340634,3.3971934
6.5529615,3.3665942
7.1916955,5.6076275
8.9890323,7.3559533
4.3845856,7.1805466
6.6626789,3.1914976
6.4930365,3.3601807
4.9955014,8.3481445
8.9423234,7.3273734
6.5463949,3.3811227
6.498335,3.37899
,
37.0422457,-95.6099579
,
7.3010372,5.1387336
,
4.6792666,7.15346
6.7188683,3.2384067
8.465638,4.5458425
6.6843902,3.36391
7.4179263,3.8968769
6.5559761,3.2592239
6.8184482,3.8517923
8.84535,7.8961217
6.6302003,3.3424652
,
10.4383741,7.4180259
7.4017542,3.9338174
7.2410097,5.215137
,
40.04876,116.2965032
6.5093802,3.3066327
8.6399188,3.4061428
6.473818,3.6540193
6.2125716,6.7014481
,
,
,
4.8254512,7.0416106
6.6151,3.394065
8.4895776,4.5755006
,
,
4.8463469,6.9814862
6.5170138,3.3703507
6.6490686,3.3560271
5.6137514,-0.117477
6.5575148,3.3775657
6.8498023,3.4336554
9.6492004,6.5241424
6.5843792,3.2923719
6.6520318,3.1823975
6.52736,3.382375
6.3999285,5.6080802
6.4941941,3.0807672
6.2255574,7.0997716
,
,
6.4301831,3.5037431
,
7.2733653,5.2111724
7.2371127,5.2382508
6.5623823,3.3743151
7.403145,3.890425
8.4440021,4.5963572
6.6103084,3.3056888
7.4475187,3.8672004
10.4864533,7.4651733
6.5957144,3.3948047
6.4777831,3.3462012
6.4026569,5.6085082
7.6558476,5.2356403
6.5340262,3.3996538
7.5537796,6.233727
7.6253075,4.7354259
,
,
,
6.7494917,3.454505
6.4972695,3.1163452
5.0365918,7.886617
,
6.4750171,3.1905191
6.5212905,3.2663781
,
6.4365261,3.4099358
8.9797097,7.5683016
6.6698404,3.5175926
6.6206114,3.3948216
6.9037929,3.5879118
,
6.1570088,6.7843081
6.5928042,3.3649095
6.4849162,3.3297523
,
6.4672584,3.5833256
,
6.6480286,3.3638983
4.7871267,6.9904617
6.4393994,3.4914211
7.8050241,6.7438794
10,8
6.5413815,3.3338197
7.3384443,5.1055918
6.4808354,3.3712252
7.7152792,4.4939799
6.8739083,7.4000517
9.0637741,7.4228838
7.4329647,3.8351565
,
6.6957702,3.4136511
6.5745157,3.3871776
7.7579379,4.5234217
6.4293619,3.4204889
,
6.5426838,3.384721
4.54539,8.00851
7.7246986,8.5444755
6.5466717,3.3318698
5.5001108,5.7977119
6.616171,3.3762125
6.4491615,3.2560053
7.3833221,3.9921402
,
6.4454638,3.43894
6.5445367,3.39267
10.4582056,7.390826
5.4794918,7.0148897
9.8669047,8.9005635
6.4962054,3.2052027
6.4270583,5.6069467
6.5648233,3.365935
6.5051235,3.6087702
6.5802235,3.3040464
,
5.5489602,5.7632446
,
6.446516,3.3743517
,
7.4185372,3.8653711
6.4351,3.416
7.723971,8.5025984
7.3792494,3.8466042
8.1454606,4.7033444
7.4395282,3.8946769
6.4690514,3.656795
6.592413,3.358721
6.4794736,3.1960122
6.6478715,3.7129196
6.5908459,3.3585675
,
6.505456,3.1916177
,
6.5880798,3.2902753
6.8563609,7.398429
8.9689056,7.4572365
,
,
,
,
8.9925904,7.4893653
6.6570162,3.3022282
9.0045871,7.5733089
10.529464,7.4325582
,
6.5306907,3.3124381
6.4478049,3.4738504
7.1420002,3.3994835
,
7.4168216,3.9106541
,
,
6.6486067,3.5164667
,
,
4.9747955,6.1124383
,
6.499207,3.5804783
6.6218772,3.3534249
6.544882,3.357834
,
6.5463622,3.3207354
7.2541821,5.214108
,
7.3505968,3.8866911
6.8351599,3.6608979
7.5327668,5.7637233
7.7868767,4.5583106
7.4377675,3.9100154
7.3077655,3.8710384
6.6416799,3.4803249
6.5207447,3.3500692
7.0707567,6.268905
6.6303846,3.4833138
,
4.7802117,7.008675
,
9.097488,7.2890603
,
6.5715579,3.3702266
,
7.6058121,5.3002606
6.6726504,3.1580152
6.4464896,3.2578911
4.6233794,7.7547423
,
,
6.528776,3.3052607
10.5367156,7.46569
6.554269,3.3669871
,
7.707329,3.9223503
,
6.4355466,3.4088422
5.9189497,5.6525556
,
6.4728089,7.5865189
7.1211035,3.3374749
,
7.2303664,5.2114985
6.5781755,3.2651634
7.6512934,5.2490205
,
6.5123565,3.3683535
6.4485055,3.2830093
6.6350455,3.3457922
9.1175907,7.4159984
7.6997523,4.4568504
,
6.4411578,3.4179771
7.0634419,3.4152449
6.7453562,6.1290198
9.8521423,8.8840125
,
6.60443,3.51895
5.4726341,7.0164122
7.8180935,6.0813238
,
6.4845074,3.3553131
,
,
6.5425829,3.2697293
6.1450524,6.8035583
6.6364862,3.3393838
7.4001997,3.8126708
,
9.044467,7.4983319
,
,
6.503161,3.3045909
,
6.6023723,3.351153
6.4538194,3.385279
6.6187015,3.3949186
9.0305044,7.4703647
7.1977567,5.1688517
7.3278676,3.9051544
6.4672043,3.3409016
,
6.6387778,3.3304699
6.5877342,3.3870229
8.4673384,4.5695295
6.4329072,3.4297484
6.6080522,3.3017083
6.5590817,3.394645
7.4131827,3.9134512
6.6381581,3.3688533
,
6.0292116,6.9140375
6.2023302,7.0418796
,
9.0490034,7.4751017
7.2517433,5.1971133
6.8835676,3.1199776
6.5256922,3.3037431
6.5272874,3.3673915
7.3686808,3.8093986
8.9994874,7.446543
6.4363347,3.4333732
6.4395691,3.48994
6.4737257,3.30855
6.5193626,3.3920031
,
5.8797845,5.6985624
5.4917091,7.2421228
,
6.6317682,3.3402932
,
6.5419713,3.2604056
6.5125169,3.357961
6.6040633,3.3434018
4.8673231,6.9455721
6.5638497,3.3936533
6.6573886,3.3462906
9.0307838,7.4999749
,
8.9713182,7.4565602
6.6047136,3.4873777
9.0652649,7.4633708
6.9559802,4.0071483
,
,
8.481867,4.553353
,
6.58629,3.3991083
7.6404166,5.1984532
6.56869,3.3023867
,
8.4606083,4.6073583
7.4091289,3.9768418
7.3867964,3.9860887
6.47443,3.725655
